[
null,
{"id":1,"expanded":false,"name":"MAP001","order":2,"parentId":2,"scrollX":1021.6666666666666,"scrollY":417.3333333333333},
{"id":2,"expanded":true,"name":"Exterior","order":1,"parentId":0,"scrollX":1021.6666666666666,"scrollY":417.3333333333333},
{"id":3,"expanded":true,"name":"Interior","order":9,"parentId":0,"scrollX":1021.6666666666666,"scrollY":417.3333333333333},
{"id":4,"expanded":false,"name":"MAP004","order":10,"parentId":3,"scrollX":1121,"scrollY":590.6666666666666},
{"id":5,"expanded":false,"name":"Dungeon","order":11,"parentId":0,"scrollX":1132.3333333333333,"scrollY":574.6666666666666},
{"id":6,"expanded":false,"name":"Desert Exterior","order":12,"parentId":0,"scrollX":1016.3333333333334,"scrollY":417.3333333333333},
{"id":7,"expanded":true,"name":"Swamp","order":13,"parentId":0,"scrollX":1085,"scrollY":1006.6666666666666},
{"id":8,"expanded":true,"name":"MAP008","order":3,"parentId":2,"scrollX":1016.3333333333334,"scrollY":1006.6666666666666},
{"id":9,"expanded":true,"name":"dark castle","order":4,"parentId":2,"scrollX":1016.3333333333334,"scrollY":734.6666666666666},
{"id":10,"expanded":true,"name":"MAP010","order":5,"parentId":2,"scrollX":1016.3333333333334,"scrollY":1417.3333333333333},
{"id":11,"expanded":false,"name":"MAP011","order":14,"parentId":7,"scrollX":1021.6666666666666,"scrollY":417.3333333333333},
{"id":12,"expanded":false,"name":"MAP012","order":6,"parentId":2,"scrollX":1016.3333333333334,"scrollY":794},
null,
null,
{"id":15,"expanded":false,"name":"MAP015","order":7,"parentId":2,"scrollX":1016.3333333333334,"scrollY":542.6666666666666},
{"id":16,"expanded":true,"name":"Forrest","order":8,"parentId":2,"scrollX":1016.3333333333334,"scrollY":512}
]